{
  "A1": "风机性能表   ",
  "A2": "主要参数",
  "B2": "叶轮直 径 （米）",
  "D2": 1.2,
  "E2": "参数输入",
  "B3": "主轴转速（rpm)",
  "D3": 1500,
  "G3": "目录!A1",
  "B4": "介质温度(℃)",
  "D4": 70,
  "B5": "进口大气压(pa)",
  "D5": 101325,
  "B6": "空气密度",
  "D6": 1.02507288629738,
  "B7": "(公众号：机械大佬群)",
  "A8": "序号",
  "B8": "压力系数",
  "C8": "流量系数",
  "D8": "效率   (%)",
  "E8": "压力  (pa)",
  "F8": "流量  (m3/h)",
  "G8": "内功率  (kw)",
  "A9": 1,
  "B9": 0.454,
  "C9": 0.188,
  "D9": 0.82,
  "E9": 4194.43142127359,
  "F9": 72141.2811934986,
  "G9": 102.503948715767,
  "A10": 2,
  "B10": 0.448,
  "C10": 0.2045,
  "D10": 0.85,
  "E10": 4138.20358868613,
  "F10": 78472.8298088854,
  "G10": 106.123054225322,
  "A11": 3,
  "B11": 0.43,
  "C11": 0.2231,
  "D11": 0.88,
  "E11": 3969.64852975673,
  "F11": 85610.2118844124,
  "G11": 107.273501180278,
  "J11": " ",
  "A12": 4,
  "B12": 0.409,
  "C12": 0.238,
  "D12": 0.89,
  "E12": 3773.24432052632,
  "F12": 91327.7921492163,
  "G12": 107.553705690773,
  "A13": 5,
  "B13": 0.386,
  "C13": 0.2545,
  "D13": 0.87,
  "E13": 3558.43541973141,
  "F13": 97659.3407646031,
  "G13": 110.9560846885,
  "A14": 6,
  "B14": 0.3598,
  "C14": 0.271,
  "D14": 0.83,
  "E14": 3314.1224485095,
  "F14": 103990.88937999,
  "G14": 115.340877153512
}